{
  "candidates": {
    "democrat": "Biden",
    "republican": "Trump"
  },
  "votes": {
    "AL": {
      "electoral": {
        "democrat": 0,
        "republican": 9
      },
      "popular": {
        "democrat": 849624,
        "republican": 1441170,
        "other": 32488
      }
    },
    "AK": {
      "electoral": {
        "democrat": 0,
        "republican": 3
      },
      "popular": {
        "democrat": 153778,
        "republican": 189951,
        "other": 15801
      }
    },
    "AZ": {
      "electoral": {
        "democrat": 11,
        "republican": 0
      },
      "popular": {
        "democrat": 1672143,
        "republican": 1661686,
        "other": 53497
      }
    },
    "AR": {
      "electoral": {
        "democrat": 0,
        "republican": 6
      },
      "popular": {
        "democrat": 423932,
        "republican": 760647,
        "other": 34490
      }
    },
    "CA": {
      "electoral": {
        "democrat": 55,
        "republican": 0
      },
      "popular": {
        "democrat": 11110639,
        "republican": 6006518,
        "other": 384223
      }
    },
    "CO": {
      "electoral": {
        "democrat": 9,
        "republican": 0
      },
      "popular": {
        "democrat": 1804352,
        "republican": 1364607,
        "other": 88021
      }
    },
    "CT": {
      "electoral": {
        "democrat": 7,
        "republican": 0
      },
      "popular": {
        "democrat": 1080831,
        "republican": 714717,
        "other": 28309
      }
    },
    "DE": {
      "electoral": {
        "democrat": 3,
        "republican": 0
      },
      "popular": {
        "democrat": 296268,
        "republican": 200603,
        "other": 7475
      }
    },
    "DC": {
      "electoral": {
        "democrat": 3,
        "republican": 0
      },
      "popular": {
        "democrat": 317323,
        "republican": 18586,
        "other": 8447
      }
    },
    "FL": {
      "electoral": {
        "democrat": 0,
        "republican": 29
      },
      "popular": {
        "democrat": 5297045,
        "republican": 5668731,
        "other": 101680
      }
    },
    "GA": {
      "electoral": {
        "democrat": 16,
        "republican": 0
      },
      "popular": {
        "democrat": 2473633,
        "republican": 2461854,
        "other": 64473
      }
    },
    "HI": {
      "electoral": {
        "democrat": 4,
        "republican": 0
      },
      "popular": {
        "democrat": 366130,
        "republican": 196864,
        "other": 11475
      }
    },
    "ID": {
      "electoral": {
        "democrat": 0,
        "republican": 4
      },
      "popular": {
        "democrat": 287021,
        "republican": 554119,
        "other": 26794
      }
    },
    "IL": {
      "electoral": {
        "democrat": 20,
        "republican": 0
      },
      "popular": {
        "democrat": 3471915,
        "republican": 2446891,
        "other": 114938
      }
    },
    "IN": {
      "electoral": {
        "democrat": 0,
        "republican": 11
      },
      "popular": {
        "democrat": 1242498,
        "republican": 1729857,
        "other": 60855
      }
    },
    "IA": {
      "electoral": {
        "democrat": 0,
        "republican": 6
      },
      "popular": {
        "democrat": 759061,
        "republican": 897672,
        "other": 34138
      }
    },
    "KS": {
      "electoral": {
        "democrat": 0,
        "republican": 6
      },
      "popular": {
        "democrat": 570323,
        "republican": 771406,
        "other": 32257
      }
    },
    "KY": {
      "electoral": {
        "democrat": 0,
        "republican": 8
      },
      "popular": {
        "democrat": 772474,
        "republican": 1326646,
        "other": 37648
      }
    },
    "LA": {
      "electoral": {
        "democrat": 0,
        "republican": 8
      },
      "popular": {
        "democrat": 856034,
        "republican": 1255776,
        "other": 36252
      }
    },
    "ME": {
      "electoral": {
        "democrat": 3,
        "republican": 1
      },
      "popular": {
        "democrat": 435072,
        "republican": 360737,
        "other": 23652
      }
    },
    "MD": {
      "electoral": {
        "democrat": 10,
        "republican": 0
      },
      "popular": {
        "democrat": 1985023,
        "republican": 976414,
        "other": 75593
      }
    },
    "MA": {
      "electoral": {
        "democrat": 11,
        "republican": 0
      },
      "popular": {
        "democrat": 2382202,
        "republican": 1167202,
        "other": 81998
      }
    },
    "MI": {
      "electoral": {
        "democrat": 16,
        "republican": 0
      },
      "popular": {
        "democrat": 2804040,
        "republican": 2649852,
        "other": 85410
      }
    },
    "MN": {
      "electoral": {
        "democrat": 10,
        "republican": 0
      },
      "popular": {
        "democrat": 1717077,
        "republican": 1484065,
        "other": 76029
      }
    },
    "MS": {
      "electoral": {
        "democrat": 0,
        "republican": 6
      },
      "popular": {
        "democrat": 539398,
        "republican": 756764,
        "other": 17597
      }
    },
    "MO": {
      "electoral": {
        "democrat": 0,
        "republican": 10
      },
      "popular": {
        "democrat": 1253014,
        "republican": 1718736,
        "other": 54212
      }
    },
    "MT": {
      "electoral": {
        "democrat": 0,
        "republican": 3
      },
      "popular": {
        "democrat": 244786,
        "republican": 343602,
        "other": 15286
      }
    },
    "NE": {
      "electoral": {
        "democrat": 1,
        "republican": 4
      },
      "popular": {
        "democrat": 374583,
        "republican": 556846,
        "other": 24954
      }
    },
    "NV": {
      "electoral": {
        "democrat": 6,
        "republican": 0
      },
      "popular": {
        "democrat": 703486,
        "republican": 669890,
        "other": 32000
      }
    },
    "NH": {
      "electoral": {
        "democrat": 4,
        "republican": 0
      },
      "popular": {
        "democrat": 424937,
        "republican": 365660,
        "other": 15608
      }
    },
    "NJ": {
      "electoral": {
        "democrat": 14,
        "republican": 0
      },
      "popular": {
        "democrat": 2608400,
        "republican": 1883313,
        "other": 57744
      }
    },
    "NM": {
      "electoral": {
        "democrat": 5,
        "republican": 0
      },
      "popular": {
        "democrat": 501614,
        "republican": 401894,
        "other": 20457
      }
    },
    "NY": {
      "electoral": {
        "democrat": 29,
        "republican": 0
      },
      "popular": {
        "democrat": 5244886,
        "republican": 3251997,
        "other": 119978
      }
    },
    "NC": {
      "electoral": {
        "democrat": 0,
        "republican": 15
      },
      "popular": {
        "democrat": 2684292,
        "republican": 2758775,
        "other": 81737
      }
    },
    "ND": {
      "electoral": {
        "democrat": 0,
        "republican": 3
      },
      "popular": {
        "democrat": 115042,
        "republican": 235751,
        "other": 11231
      }
    },
    "OH": {
      "electoral": {
        "democrat": 0,
        "republican": 18
      },
      "popular": {
        "democrat": 2679165,
        "republican": 3154834,
        "other": 88203
      }
    },
    "OK": {
      "electoral": {
        "democrat": 0,
        "republican": 7
      },
      "popular": {
        "democrat": 503890,
        "republican": 1020280,
        "other": 36529
      }
    },
    "OR": {
      "electoral": {
        "democrat": 7,
        "republican": 0
      },
      "popular": {
        "democrat": 1340383,
        "republican": 958448,
        "other": 75490
      }
    },
    "PA": {
      "electoral": {
        "democrat": 20,
        "republican": 0
      },
      "popular": {
        "democrat": 3458229,
        "republican": 3377674,
        "other": 101073
      }
    },
    "RI": {
      "electoral": {
        "democrat": 4,
        "republican": 0
      },
      "popular": {
        "democrat": 307486,
        "republican": 199922,
        "other": 10349
      }
    },
    "SC": {
      "electoral": {
        "democrat": 0,
        "republican": 9
      },
      "popular": {
        "democrat": 1091541,
        "republican": 1385103,
        "other": 36685
      }
    },
    "SD": {
      "electoral": {
        "democrat": 0,
        "republican": 3
      },
      "popular": {
        "democrat": 150471,
        "republican": 261043,
        "other": 11095
      }
    },
    "TN": {
      "electoral": {
        "democrat": 0,
        "republican": 11
      },
      "popular": {
        "democrat": 1143711,
        "republican": 1852475,
        "other": 57665
      }
    },
    "TX": {
      "electoral": {
        "democrat": 0,
        "republican": 38
      },
      "popular": {
        "democrat": 5259126,
        "republican": 5890347,
        "other": 165583
      }
    },
    "UT": {
      "electoral": {
        "democrat": 0,
        "republican": 6
      },
      "popular": {
        "democrat": 560282,
        "republican": 865140,
        "other": 62867
      }
    },
    "VT": {
      "electoral": {
        "democrat": 3,
        "republican": 0
      },
      "popular": {
        "democrat": 242820,
        "republican": 112704,
        "other": 11904
      }
    },
    "VA": {
      "electoral": {
        "democrat": 13,
        "republican": 0
      },
      "popular": {
        "democrat": 2413568,
        "republican": 1962430,
        "other": 84526
      }
    },
    "WA": {
      "electoral": {
        "democrat": 12,
        "republican": 0
      },
      "popular": {
        "democrat": 2369612,
        "republican": 1584651,
        "other": 133368
      }
    },
    "WV": {
      "electoral": {
        "democrat": 0,
        "republican": 5
      },
      "popular": {
        "democrat": 235984,
        "republican": 545382,
        "other": 13365
      }
    },
    "WI": {
      "electoral": {
        "democrat": 10,
        "republican": 0
      },
      "popular": {
        "democrat": 1630866,
        "republican": 1610184,
        "other": 56991
      }
    },
    "WY": {
      "electoral": {
        "democrat": 0,
        "republican": 3
      },
      "popular": {
        "democrat": 73491,
        "republican": 193559,
        "other": 9715
      }
    }
  }
}
